INSERT INTO `courses` (`id`, `code`, `name`, `semester`, `year`) VALUES
(10101, '', 'Computer Science 1 ', 0, '2023'),
(10115, 'CSE 116', 'Computer Science 2', 4, '2023'),
(10116, 'CSE 312', 'Introduction to Web Applications', 2, '2023'),
(10117, 'CSE 404', 'Software Project Managment', 4, '2023'),
(10118, 'CSE199', 'UB Seminar', 4, '2023'),
(10119, 'CSE 115', 'Computer Science 1', 4, '2023'),
(10120, 'CSE 305', 'Programming Languages', 4, '2023'),
(10121, 'CSE250', 'Data Structures', 2, '2023'),
(10122, 'CSE331', 'Algorithms and Complexity', 1, '2022'),
(10123, 'CSE 365', 'Computer Security', 1, '2022'),
(10124, 'CSE 220', 'Systems Programming', 3, '2022'),
(10125, 'CSE 241', 'Digital Systems', 3, '2022'),
(10126, 'CSE 410', 'Special Topics', 2, '2023'),
(10127, 'CSE 306', 'Software Quality in Practice', 3, '2022'),
(10128, 'CSE 234', 'Intro to Blockchain', 3, '2022'),
(42356, 'CSE 442', 'Software Engineering Concepts ', 0, '2023');

INSERT INTO `course_instructors` (`course_id`, `instructor_id`) VALUES
(10101, 0),
(10115, 1),
(10116, 1),
(10117, 1),
(10118, 1),
(10119, 1),
(10120, 1),
(10121, 1),
(10122, 1),
(10123, 1),
(10124, 1),
(10125, 1),
(10126, 1),
(10127, 1),
(10128, 1),
(42356, 2);

INSERT INTO `enrollments` (`student_id`, `course_id`) VALUES
(50243400, 42356),
(50243479, 10101),
(50243480, 10115),
(50243535, 10117),
(50243535, 10118),
(50243536, 10117),
(50243536, 10118),
(50243537, 10117),
(50243537, 10118),
(50243538, 10117),
(50243538, 10118);

INSERT INTO `evals` (`id`, `review_id`) VALUES
(94, 4),
(95, 3),
(96, 41),
(97, 42),
(110, 43),
(111, 44),
(112, 45),
(113, 46),
(114, 47),
(115, 48),
(116, 49),
(117, 50),
(118, 51),
(119, 52),
(120, 53),
(121, 54),
(122, 55),
(123, 56),
(124, 57),
(125, 58),
(126, 59),
(127, 60),
(128, 61),
(129, 62),
(130, 63),
(131, 64),
(132, 65),
(133, 66),
(134, 67),
(135, 68),
(136, 69),
(137, 70),
(138, 71),
(139, 72),
(140, 73),
(141, 74),
(142, 75),
(143, 76),
(144, 77),
(145, 78),
(146, 79),
(147, 80),
(148, 81),
(149, 82),
(150, 83),
(151, 84),
(152, 85),
(153, 86);

INSERT INTO `freeforms` (`eval_id`, `topic_id`, `response`) VALUES
(0, 0, 'FreeForm One');

INSERT INTO `instructors` (`id`, `name`, `email`, `session_expiration`, `csrf_token`) VALUES
(1, 'Jesse Hartloff', 'hartloff@buffalo.edu', NULL, '16c861073c150ec14bc65bd63d5e11c1fc76b309e37a1dd034f22875fb4f96f8'),
(2, 'Paul Dickson', 'pauldick@buffalo.edu', NULL, NULL),
(4, 'Matthew Hertz', 'mhertz@buffalo.edu', NULL, NULL);

INSERT INTO `reviews` (`id`, `survey_id`, `reviewer_id`, `team_id`, `reviewed_id`, `eval_weight`) VALUES
(39, 20, 50243535, 15, 50243535, 1),
(40, 20, 50243535, 15, 50243536, 1),
(41, 20, 50243535, 15, 50243537, 1),
(42, 20, 50243535, 15, 50243538, 1),
(43, 20, 50243536, 15, 50243536, 1),
(44, 20, 50243536, 15, 50243537, 1),
(45, 20, 50243536, 15, 50243538, 1),
(46, 20, 50243536, 15, 50243535, 1),
(47, 20, 50243537, 15, 50243537, 1),
(48, 20, 50243537, 15, 50243538, 1),
(49, 20, 50243537, 15, 50243535, 1),
(50, 20, 50243537, 15, 50243536, 1),
(51, 20, 50243538, 15, 50243538, 1),
(52, 20, 50243538, 15, 50243535, 1),
(53, 20, 50243538, 15, 50243536, 1),
(54, 20, 50243538, 15, 50243537, 1),
(55, 18, 50243535, 16, 50243535, 1),
(56, 18, 50243535, 16, 50243536, 1),
(57, 18, 50243535, 16, 50243537, 1),
(58, 18, 50243535, 16, 50243538, 1),
(59, 18, 50243536, 16, 50243536, 1),
(60, 18, 50243536, 16, 50243537, 1),
(61, 18, 50243536, 16, 50243538, 1),
(62, 18, 50243536, 16, 50243535, 1),
(63, 18, 50243537, 16, 50243537, 1),
(64, 18, 50243537, 16, 50243538, 1),
(65, 18, 50243537, 16, 50243535, 1),
(66, 18, 50243537, 16, 50243536, 1),
(67, 18, 50243538, 16, 50243538, 1),
(68, 18, 50243538, 16, 50243535, 1),
(69, 18, 50243538, 16, 50243536, 1),
(70, 18, 50243538, 16, 50243537, 1),
(71, 19, 50243535, 17, 50243535, 1),
(72, 19, 50243535, 17, 50243536, 1),
(73, 19, 50243535, 17, 50243537, 1),
(74, 19, 50243535, 17, 50243538, 1),
(75, 19, 50243536, 17, 50243536, 1),
(76, 19, 50243536, 17, 50243537, 1),
(77, 19, 50243536, 17, 50243538, 1),
(78, 19, 50243536, 17, 50243535, 1),
(79, 19, 50243537, 17, 50243537, 1),
(80, 19, 50243537, 17, 50243538, 1),
(81, 19, 50243537, 17, 50243535, 1),
(82, 19, 50243537, 17, 50243536, 1),
(83, 19, 50243538, 17, 50243538, 1),
(84, 19, 50243538, 17, 50243535, 1),
(85, 19, 50243538, 17, 50243536, 1),
(86, 19, 50243538, 17, 50243537, 1);

INSERT INTO `rubrics` (`id`, `description`) VALUES
(1, 'ABET Teamwork'),
(2, 'PM Evaluation');

INSERT INTO `rubric_responses` (`topic_id`, `rubric_score_id`, `response`) VALUES
(1, 1, 'Does not willingly assume team roles, rarely completes assigned work'),
(1, 2, 'Usually accepts assigned team roles, occasionally completes assigned work'),
(1, 3, 'Accepts assigned team roles, mostly completes assigned work'),
(1, 4, 'Accepts all assigned team roles, always completes assigned work'),
(2, 1, 'Rarely takes leadership role, does not collaborate, sometimes willing to assist teammates'),
(2, 2, 'Occasionally shows leadership, mostly collaborates, generally willing to assist teammates'),
(2, 3, 'Shows an ability to lead when necessary, willing to collaborate, willing to assist teammates'),
(2, 4, 'Takes leadership role, is a good collaborator, always willing to assist teammates'),
(3, 1, 'Often misses meetings, routinely unprepared for meetings, rarely participates in meetings and doesn\'t share ideas'),
(3, 2, 'Occasionally misses/doesn\'t participate in meetings, somewhat unprepared for meetings, offers unclear/unhelpful ideas'),
(3, 3, 'Attends and participates in most meetings, comes prepared, offers useful ideas'),
(3, 4, 'Attends and participates in all meetings, comes prepared, and clearly expresses well-developed ideas'),
(4, 1, 'Often discourteous and/or openly critical of teammates, doesn\'t listen to alternative perspectives'),
(4, 2, 'Often courteous to teammates, usually appreciates teammates perspectives but often unwilling to consider them'),
(4, 3, 'Mostly courteous to teammates, values teammates\' perspectives and often willing to consider them'),
(4, 4, 'Always courteous to teammates, values teammates\' perspectives, knowledge, and experience, and always willing to consider them'),
(5, 1, 'Rarely commits to shared documents, others often required to revise, debug, or fix their work'),
(5, 2, 'Occasionally commits to shared documents, others sometimes needed to revise, debug, or fix their work'),
(5, 3, 'Often commits to shared documents, others occasionally needed to revise, debug, or fix their work'),
(5, 4, 'Frequently commits to shared documents, others rarely need to revise, debug, or fix their work'),
(6, 5, 'Agree Strongly'),
(6, 6, 'Agree'),
(6, 7, 'Neither Agree or Disagree'),
(6, 8, 'Disagree'),
(6, 9, 'Disagree Strongly'),
(7, 5, 'Agree Strongly'),
(7, 6, 'Agree'),
(7, 7, 'Neither Agree or Disagree'),
(7, 8, 'Disagree'),
(7, 9, 'Disagree Strongly'),
(8, 5, 'Agree Strongly'),
(8, 6, 'Agree'),
(8, 7, 'Neither Agree or Disagree'),
(8, 8, 'Disagree'),
(8, 9, 'Disagree Strongly'),
(9, 5, 'Agree Strongly'),
(9, 6, 'Agree'),
(9, 7, 'Neither Agree or Disagree'),
(9, 8, 'Disagree'),
(9, 9, 'Disagree Strongly'),
(10, 5, 'Agree Strongly'),
(10, 6, 'Agree'),
(10, 7, 'Neither Agree or Disagree'),
(10, 8, 'Disagree'),
(10, 9, 'Disagree Strongly');


INSERT INTO `rubric_scores` (`id`, `rubric_id`, `name`, `score`) VALUES
(1, 1, 'Unsatisfactory', 0),
(2, 1, 'Developing', 1),
(3, 1, 'Satisfactory', 2),
(4, 1, 'Exemplary', 3),
(5, 2, 'Agree Strongly', 4),
(6, 2, 'Agree', 3),
(7, 2, 'Neither Agree or Disagree', 2),
(8, 2, 'Disagree', 1),
(9, 2, 'Disagree Strongly', 0);

INSERT INTO `rubric_topics` (`id`, `rubric_id`, `question`, `question_response`) VALUES
(1, 1, 'Teamwork ', 'multiple_choice'),
(2, 1, 'Leadership', 'multiple_choice'),
(3, 1, 'Participation', 'multiple_choice'),
(4, 1, 'Professionalism', 'multiple_choice'),
(5, 1, 'Quality', 'multiple_choice'),
(6, 2, 'My Project Manager set clear expectation for what they expect each of us to accomplish each week', 'multiple_choice'),
(7, 2, 'My Project Manager practiced open communication with the group', 'multiple_choice'),
(8, 2, 'My Project Manager gave constructive feedback', 'multiple_choice'),
(9, 2, 'My Project Manager demanded and maintained accountability from everyone, including themselves', 'multiple_choice');
(10, 2, 'I felt that I could trust my Project Manager', 'multiple_choice');

INSERT INTO `scores` (`eval_id`, `topic_id`, `rubric_score_id`) VALUES
(0, 0, 0),
(1, 1, 1),
(2, 2, 2),
(125, 2, 1),
(127, 1, 1),
(136, 3, 1),
(139, 3, 1),
(139, 4, 1),
(139, 5, 1),
(143, 2, 1),
(148, 4, 1),
(126, 2, 2),
(127, 2, 2),
(129, 5, 2),
(141, 5, 2),
(142, 5, 2),
(149, 3, 2),
(153, 4, 2),
(118, 4, 3),
(124, 5, 3),
(134, 4, 3),
(146, 2, 3),
(149, 5, 3),
(122, 3, 4),
(123, 2, 4),
(127, 5, 4),
(137, 4, 4),
(144, 1, 4),
(149, 2, 4),
(151, 1, 4),
(129, 4, 4),
(139, 2, 3),
(142, 4, 2),
(151, 4, 1),
(94, 1, 1),
(94, 2, 1),
(112, 5, 1),
(152, 1, 1),
(95, 2, 2),
(148, 5, 2),
(94, 3, 4),
(126, 1, 4),
(129, 3, 4),
(136, 4, 4),
(147, 4, 4),
(94, 4, 3),
(117, 1, 3),
(120, 2, 3),
(121, 4, 3),
(134, 3, 3),
(94, 5, 4),
(136, 5, 4),
(140, 1, 4),
(142, 3, 4),
(147, 2, 4),
(150, 3, 4),
(152, 3, 4),
(95, 1, 2),
(118, 5, 2),
(120, 3, 2),
(121, 3, 2),
(95, 3, 1),
(114, 2, 1),
(125, 4, 1),
(126, 3, 1),
(138, 4, 1),
(148, 2, 1),
(95, 4, 2),
(119, 2, 2),
(119, 4, 2),
(146, 5, 2),
(149, 1, 2),
(95, 5, 3),
(123, 5, 3),
(127, 4, 3),
(117, 3, 4),
(120, 4, 4),
(124, 3, 4),
(125, 5, 4),
(135, 5, 4),
(96, 1, 2),
(122, 4, 2),
(124, 1, 2),
(138, 5, 2),
(96, 2, 3),
(118, 2, 3),
(128, 2, 3),
(128, 3, 1),
(129, 2, 3),
(143, 1, 1),
(150, 4, 3),
(96, 3, 2),
(121, 2, 2),
(135, 4, 3),
(146, 3, 3),
(96, 4, 3),
(96, 5, 4),
(119, 5, 4),
(142, 1, 3),
(144, 2, 4),
(97, 1, 3),
(117, 2, 3),
(121, 1, 3),
(122, 1, 3),
(123, 1, 3),
(125, 1, 3),
(137, 2, 3),
(138, 2, 3),
(141, 2, 3),
(144, 5, 3),
(148, 1, 3),
(150, 5, 3),
(151, 2, 3),
(153, 3, 3),
(97, 2, 1),
(116, 1, 1),
(118, 1, 1),
(126, 5, 1),
(135, 3, 1),
(140, 3, 1),
(142, 2, 1),
(153, 2, 1),
(97, 3, 2),
(120, 1, 2),
(123, 3, 2),
(139, 1, 2),
(143, 4, 2),
(143, 5, 2),
(144, 4, 2),
(145, 5, 2),
(148, 3, 2),
(151, 3, 2),
(97, 4, 3),
(116, 3, 3),
(125, 3, 3),
(128, 4, 3),
(140, 2, 3),
(141, 1, 3),
(144, 3, 3),
(147, 3, 3),
(149, 4, 3),
(97, 5, 4),
(124, 4, 4),
(138, 3, 4),
(141, 4, 4),
(152, 2, 4),
(110, 1, 3),
(111, 5, 3),
(112, 1, 3),
(115, 1, 3),
(115, 2, 3),
(115, 4, 3),
(116, 2, 3),
(117, 5, 3),
(119, 3, 3),
(120, 5, 3),
(130, 1, 3),
(130, 3, 3),
(130, 5, 3),
(131, 1, 3),
(131, 5, 3),
(132, 3, 3),
(133, 2, 3),
(134, 1, 3),
(138, 1, 3),
(141, 3, 3),
(143, 3, 3),
(145, 3, 3),
(150, 1, 3),
(110, 2, 2),
(111, 4, 2),
(112, 3, 2),
(114, 4, 2),
(123, 4, 2),
(127, 3, 2),
(131, 2, 2),
(131, 4, 2),
(132, 4, 2),
(133, 5, 2),
(135, 2, 2),
(146, 1, 2),
(147, 1, 2),
(150, 2, 2),
(152, 5, 2),
(110, 3, 1),
(111, 3, 1),
(116, 5, 1),
(124, 2, 1),
(128, 5, 1),
(132, 1, 1),
(133, 1, 1),
(135, 1, 1),
(136, 2, 1),
(137, 5, 1),
(146, 4, 1),
(147, 5, 1),
(153, 5, 1),
(110, 4, 4),
(111, 2, 4),
(112, 4, 4),
(113, 2, 4),
(113, 3, 4),
(113, 4, 4),
(113, 5, 4),
(115, 3, 4),
(116, 4, 4),
(130, 4, 4),
(132, 2, 4),
(133, 4, 4),
(136, 1, 4),
(137, 3, 4),
(140, 4, 4),
(145, 2, 4),
(151, 5, 4),
(152, 4, 4),
(110, 5, 4),
(111, 1, 4),
(112, 2, 4),
(113, 1, 4),
(119, 1, 4),
(122, 2, 4),
(126, 4, 4),
(129, 1, 4),
(130, 2, 4),
(132, 5, 4),
(133, 3, 4),
(134, 2, 4),
(134, 5, 4),
(137, 1, 4),
(145, 1, 4),
(145, 4, 4),
(114, 1, 3),
(114, 3, 3),
(114, 5, 3),
(115, 5, 3),
(117, 4, 3),
(118, 3, 3),
(121, 5, 3),
(122, 5, 3),
(128, 1, 3),
(131, 3, 3),
(140, 5, 3),
(153, 1, 3);

INSERT INTO `students` (`id`, `name`, `email`) VALUES
(50243400, 'Smitty Johnson', ''),
(50243479, 'Jim Jones', 'jjones@buffalo.edu'),
(50243480, 'John Eggert', 'jeggert@buffalo.edu'),
(50243481, 'Student One', 's1@buffalo.edu'),
(50243482, 'Student Two', 's2@buffalo.edu'),
(50243483, 'Student Three', 's3@buffalo.edu'),
(50243484, 'Student Four', 's4@buffalo.edu'),
(50243485, 'Student Five', 's5@buffalo.edu'),
(50243486, 'Student Six', 's6@buffalo.edu'),
(50243487, 'Student Seven', 's7@buffalo.edu'),
(50243488, 'Student Eight', 's8@buffalo.edu'),
(50243489, 'Student Nine', 's9@buffalo.edu'),
(50243490, 'Student Ten', 's10@buffalo.edu'),
(50243491, 'Student Eleven', 's11@buffalo.edu'),
(50243492, 'Student Manager One', 'manager1@buffalo.edu'),
(50243493, 'Team One Member One', 't1m1@buffalo.edu'),
(50243494, 'Team One Member Two', 't1m2@buffalo.edu'),
(50243495, 'Team One Member Three', 't1m3@buffalo.edu'),
(50243496, 'Team One Member Four', 't1m4@buffalo.edu'),
(50243497, 'Student Manager Two', 'manager2@buffalo.edu'),
(50243498, 'Team Two Member One', 't2m1@buffalo.edu'),
(50243499, 'Team Two Member Two', 't2m2@buffalo.edu'),
(50243500, 'Team Two Member Three', 't2m3@buffalo.edu');

INSERT INTO `surveys` (`id`, `course_id`, `start_date`, `end_date`, `name`, `rubric_id`, `survey_type_id`) VALUES
(1, 10115, '2023-09-19 08:31:19', '2023-09-19 08:31:19', 'Survey #2', 1, 1),
(2, 42356, '2023-09-19 08:32:44', '2023-09-19 08:32:44', 'Survey #3', 2, 2),
(5, 10115, '2023-09-19 08:31:19', '2023-09-19 08:31:19', 'Survey #1', 0, 1),
(6, 10115, '2023-09-19 08:31:19', '2023-09-19 08:31:19', 'Survey #2', 1, 1),
(7, 10115, '2023-10-26 22:39:52', '2023-10-27 22:39:52', 'Survey #4', 1, 1),
(8, 10115, '2023-10-26 22:41:41', '2023-10-27 22:41:41', 'Survey #5', 1, 1),
(9, 10115, '2023-09-19 08:32:44', '2023-09-19 08:32:44', 'Survey #3', 2, 2),
(10, 10116, '2023-10-27 22:46:46', '2023-10-27 22:46:46', 'Dummy Name 2', 1, 1),
(11, 10116, '2023-10-27 22:44:38', '2023-10-27 22:44:38', 'Dummy Name 1', 1, 1),
(12, 10119, '2023-10-27 00:37:18', '2023-10-28 00:37:18', 'Dummy Name 1', 1, 1),
(13, 10119, '2023-10-27 00:37:57', '2023-10-28 00:37:57', 'Dummy Name 2', 1, 1),
(14, 10120, '2023-10-27 00:39:53', '2023-10-28 00:39:53', 'Dummy Name 1', 1, 1),
(15, 10120, '2023-10-27 00:40:37', '2023-10-28 00:40:37', 'Dummy Name 2', 1, 1),
(16, 10120, '2023-10-27 00:40:59', '2023-10-28 00:40:59', 'Dummy Name 3', 1, 1),
(17, 10120, '2023-10-27 00:41:25', '2023-10-28 00:41:25', 'Dummy Name 4', 1, 1),
(18, 10117, '2023-10-27 00:42:35', '2023-10-28 00:42:35', 'CSE 404', 1, 1),
(19, 10117, '2023-10-27 00:43:04', '2023-10-28 00:43:04', 'CSE 404 #2', 1, 1),
(20, 10118, '2023-10-27 00:43:43', '2023-10-28 00:43:43', 'A Very Very Big Dummy Name 1', 1, 1),
(21, 10116, '2023-10-27 00:47:03', '2023-10-28 00:47:03', 'Dummy Name 1', 1, 1),
(22, 10116, '2023-10-27 00:47:25', '2023-10-28 00:47:25', 'Dummy Name 2', 1, 1),
(23, 10123, '2023-10-27 01:58:06', '2023-10-28 01:58:06', 'Dummy Name 1', 1, 1),
(24, 10123, '2023-10-27 02:05:33', '2023-10-28 02:05:33', 'Dummy Name 2', 1, 1),
(25, 10123, '2023-10-27 02:06:08', '2023-10-28 02:06:08', 'Dummy Name 3', 1, 1),
(26, 10101, '2023-09-19 08:31:19', '2023-09-19 08:31:19', 'Survey #1', 0, 0),
(27, 10122, '2023-10-27 04:25:09', '2023-10-28 04:25:09', 'Dummy Name 1', 1, 1),
(28, 10121, '2023-10-27 04:38:21', '2023-10-28 04:38:21', 'Dummy Name 1', 1, 1),
(29, 10121, '2023-10-27 04:38:21', '2023-10-28 04:38:21', 'Dummy Name 2', 1, 1),
(30, 10121, '2023-10-27 04:38:21', '2023-10-28 04:38:21', 'Dummy Name 3', 1, 1),
(31, 10121, '2023-10-27 04:38:21', '2023-10-28 04:38:21', 'Dummy Name 4', 1, 1),
(32, 10121, '2023-10-27 04:38:21', '2023-10-28 04:38:21', 'Dummy Name 5', 1, 1),
(33, 10127, '2023-10-27 04:38:21', '2023-10-28 04:38:21', 'Dummy Name 1', 1, 1),
(34, 10127, '2023-10-27 04:38:21', '2023-10-28 04:38:21', 'Dummy Name 2', 1, 1),
(35, 10127, '2023-10-27 04:38:21', '2023-10-28 04:38:21', 'Dummy Name 3', 1, 1),
(36, 10128, '2023-10-27 04:38:21', '2023-10-28 04:38:21', 'Dummy Name 1', 1, 1),
(37, 10128, '2023-10-27 04:38:21', '2023-10-28 04:38:21', 'Dummy Name 2', 1, 1),
(38, 10128, '2023-10-27 04:38:21', '2023-10-28 04:38:21', 'Dummy Name 3', 1, 1),
(39, 10122, '2023-10-27 04:46:05', '2023-10-28 04:46:05', 'Dummy Name 2', 1, 1);
(40, 10118, '2023-11-08 04:38:21', '2023-12-01 04:38:21', 'Active Survey 1', 1, 1),
(41, 10118, '2023-11-10 04:46:05', '2023-11-28 04:46:05', 'Active Survey 2', 1, 1);

INSERT INTO `survey_types` (`id`, `description`, `file_organization`, `display_multiplier`) VALUES
(1, 'Individual Reviewed by Individual', 'One row per review. Each row has 2 columns: email of the reviewer, email of the person being reviewed.', 0),
(2, 'Each Team Member Reviewed By Entire Team', 'One row per team. Each row contains the email addresses for all team members. Blank columns are ignored', 0),
(3, 'Each Team Member Reviewed by Entire Team + Manager', 'One row per team. Each row contains the email addresses for all team members with the manager email address listed last. Blank columns are ignored', 1),
(4, 'Single Individual Reviewed by Each Team Member', 'One row per individual being reviewed. Every row contains the email addresses of the reviewers and the person being reviewed. The person being reviewed MUST be in the final column in the row.', 0);
